list_rpe_validation,list_rpe
{},"{'merged_output_2': [[0, 0, 0, 0, 10, 10, 10, 20, 20, 20, 30, 30, 30, 40, 40, 40, 50, 50, 50, 60, 60, 60, 70, 70, 70, 80, 80, 80, 90, 90, 90, 100, 100, 100, 110, 110, 110, 120, 120, 120, 130, 130, 130, 140, 140, 140, 150, 150, 150, 160, 160, 160, 170, 170, 170, 180, 180, 180, 190, 190, 190, 200, 200, 200, 210, 210, 210, 220, 220, 220, 230, 230, 230, 240, 240, 240, 250, 250, 250, 260, 260, 260, 270, 270, 270, 280, 280, 280, 290, 290, 290, 300, 300, 300, 310, 310, 310, 320, 320, 320, 330, 330, 330, 340, 340, 340, 350, 350, 350, 360, 360, 360, 370, 370, 370, 380, 380, 390, 390, 400, 400, 410, 410, 420, 420, 430, 430, 440, 440, 450, 450, 460, 460, 470, 470, 480, 480, 490, 490, 500, 500, 510, 510, 520, 520, 530, 530, 540, 540, 550, 550, 560, 560, 570, 570, 580, 580, 590, 590, 600, 600, 610, 610, 620, 620, 630, 630, 640, 640, 650, 650, 660, 660, 670, 670, 680, 680, 690, 690, 700, 700, 710, 710, 720, 720, 730, 730, 740, 740, 750, 750, 760, 760, 770, 770, 780, 780, 790, 790, 800, 800, 810, 810, 820, 820, 830, 830, 840, 840, 850, 850, 860, 860, 870, 870, 880, 880, 890, 890, 900, 900, 910, 910, 920, 920, 930, 930, 940, 940, 950, 950, 960, 960, 970, 970, 980, 980, 990, 990, 1000, 1010, 1020, 1030, 1040, 1050, 1060, 1070, 1080, 1090, 1100, 1110, 1120, 1130, 1140, 1150, 1160, 1170, 1180, 1190, 1200, 1210, 1220, 1230, 1240, 1250, 1260, 1270, 1280, 1290, 1300, 1310, 1320, 1330, 1340, 1350, 1360, 1370, 1380, 1390, 1400, 1410, 1420, 1430, 1440, 1450, 1460, 1470, 1480], [0, 1, 394, 1015, 10, 634, 1274, 20, 642, 1281, 30, 653, 1288, 40, 662, 1295, 50, 672, 1304, 60, 683, 1316, 70, 693, 1324, 80, 701, 1328, 90, 711, 1333, 100, 721, 1339, 110, 732, 1343, 120, 741, 1348, 130, 752, 1351, 140, 762, 1354, 150, 772, 1356, 160, 781, 1360, 170, 791, 1363, 180, 801, 1369, 190, 812, 1375, 200, 822, 1383, 210, 831, 1390, 220, 840, 1397, 230, 850, 1404, 240, 860, 1411, 250, 870, 1417, 260, 879, 1421, 270, 890, 1427, 280, 900, 1431, 290, 910, 1435, 300, 920, 1441, 310, 931, 1448, 320, 940, 1454, 330, 950, 1462, 340, 960, 1470, 350, 972, 1478, 360, 982, 1487, 370, 991, 1494, 380, 1002, 390, 1012, 400, 1022, 410, 1032, 420, 1042, 430, 1052, 440, 1061, 450, 1071, 460, 1080, 470, 1089, 480, 1100, 490, 1110, 500, 1120, 510, 1130, 520, 1140, 530, 1150, 540, 1160, 550, 1171, 560, 1180, 570, 1190, 580, 1201, 590, 1217, 600, 1229, 610, 1249, 620, 1265, 630, 1272, 640, 1278, 650, 1285, 660, 1293, 670, 1303, 680, 1312, 690, 1323, 700, 1328, 710, 1333, 720, 1339, 730, 1342, 740, 1347, 750, 1351, 760, 1353, 770, 1356, 780, 1360, 790, 1363, 800, 1369, 810, 1374, 820, 1382, 830, 1389, 840, 1397, 850, 1404, 860, 1411, 870, 1418, 880, 1422, 890, 1427, 900, 1431, 910, 1435, 920, 1442, 930, 1448, 940, 1454, 950, 1462, 960, 1470, 970, 1478, 980, 1486, 990, 1494, 1000, 1010, 1020, 1030, 1040, 1050, 1060, 1070, 1080, 1090, 1100, 1110, 1120, 1130, 1140, 1150, 1160, 1170, 1180, 1190, 1200, 1210, 1220, 1230, 1240, 1250, 1260, 1270, 1280, 1290, 1300, 1310, 1320, 1330, 1340, 1350, 1360, 1370, 1380, 1390, 1400, 1410, 1420, 1430, 1440, 1450, 1460, 1470, 1480], tensor([[ 0.0000,  0.0000,  0.0000],
        [13.0032,  4.1948,  0.6983],
        [18.9683,  5.8976,  0.9870],
        [28.4302,  8.5902,  1.4527],
        [ 0.0000,  0.0000,  0.0000],
        [ 9.4999,  1.3396,  2.1609],
        [18.2931,  2.8569,  4.1187],
        [ 0.0000,  0.0000,  0.0000],
        [ 9.4801,  1.4124,  2.1209],
        [18.1110,  3.0533,  4.0229],
        [ 0.0000,  0.0000,  0.0000],
        [ 9.4700,  1.5137,  2.1528],
        [17.8563,  3.2738,  4.0148],
        [ 0.0000,  0.0000,  0.0000],
        [ 9.4575,  1.5487,  2.1443],
        [17.6532,  3.3365,  3.9673],
        [ 0.0000,  0.0000,  0.0000],
        [ 9.4578,  1.5164,  2.1345],
        [17.4902,  3.3895,  3.9190],
        [ 0.0000,  0.0000,  0.0000],
        [ 9.4890,  1.4301,  2.1191],
        [17.3145,  3.2753,  3.8692],
        [ 0.0000,  0.0000,  0.0000],
        [ 9.4984,  1.4605,  2.0747],
        [17.0986,  3.3658,  3.7639],
        [ 0.0000,  0.0000,  0.0000],
        [ 9.4606,  1.5227,  2.1014],
        [16.8842,  3.4885,  3.7957],
        [ 0.0000,  0.0000,  0.0000],
        [ 9.4803,  1.5414,  2.0662],
        [16.6967,  3.5278,  3.6853],
        [ 0.0000,  0.0000,  0.0000],
        [ 9.4689,  1.6003,  2.0726],
        [16.4332,  3.5991,  3.6564],
        [ 0.0000,  0.0000,  0.0000],
        [ 9.4741,  1.6136,  2.0675],
        [16.2423,  3.6239,  3.6034],
        [ 0.0000,  0.0000,  0.0000],
        [ 9.4626,  1.5853,  2.0677],
        [16.0958,  3.6418,  3.5748],
        [ 0.0000,  0.0000,  0.0000],
        [ 9.4724,  1.5876,  2.0581],
        [15.8752,  3.5566,  3.5158],
        [ 0.0000,  0.0000,  0.0000],
        [ 9.4672,  1.6056,  2.0577],
        [15.7165,  3.6236,  3.4874],
        [ 0.0000,  0.0000,  0.0000],
        [ 9.4828,  1.6222,  2.0679],
        [15.5905,  3.6958,  3.4544],
        [ 0.0000,  0.0000,  0.0000],
        [ 9.4883,  1.5764,  2.0618],
        [15.4435,  3.6444,  3.3953],
        [ 0.0000,  0.0000,  0.0000],
        [ 9.4837,  1.5441,  2.0578],
        [15.2849,  3.5988,  3.3601],
        [ 0.0000,  0.0000,  0.0000],
        [ 9.4759,  1.5551,  2.0855],
        [15.0887,  3.6359,  3.3468],
        [ 0.0000,  0.0000,  0.0000],
        [ 9.4836,  1.6346,  2.0708],
        [14.9226,  3.8403,  3.2702],
        [ 0.0000,  0.0000,  0.0000],
        [ 9.4603,  1.6720,  2.0877],
        [14.7233,  3.9797,  3.2590],
        [ 0.0000,  0.0000,  0.0000],
        [ 9.4543,  1.6777,  2.0919],
        [14.5667,  3.9882,  3.2236],
        [ 0.0000,  0.0000,  0.0000],
        [ 9.4679,  1.6457,  2.0653],
        [14.4338,  3.9949,  3.1391],
        [ 0.0000,  0.0000,  0.0000],
        [ 9.4672,  1.6238,  2.0862],
        [14.2514,  4.0121,  3.1429],
        [ 0.0000,  0.0000,  0.0000],
        [ 9.4752,  1.5910,  2.0695],
        [14.0898,  3.9888,  3.0822],
        [ 0.0000,  0.0000,  0.0000],
        [ 9.4814,  1.6218,  2.0705],
        [13.8636,  4.0151,  3.0178],
        [ 0.0000,  0.0000,  0.0000],
        [ 9.4622,  1.6834,  2.0797],
        [13.6825,  4.0949,  3.0078],
        [ 0.0000,  0.0000,  0.0000],
        [ 9.4510,  1.7112,  2.0704],
        [13.5411,  4.1569,  2.9739],
        [ 0.0000,  0.0000,  0.0000],
        [ 9.4645,  1.7159,  2.0614],
        [13.3867,  4.1424,  2.9239],
        [ 0.0000,  0.0000,  0.0000],
        [ 9.4727,  1.6922,  2.0422],
        [13.2524,  4.0985,  2.8715],
        [ 0.0000,  0.0000,  0.0000],
        [ 9.4903,  1.5868,  2.0379],
        [13.1223,  3.9314,  2.8152],
        [ 0.0000,  0.0000,  0.0000],
        [ 9.5010,  1.6066,  2.0363],
        [12.9814,  3.9579,  2.7892],
        [ 0.0000,  0.0000,  0.0000],
        [ 9.4935,  1.6363,  2.0054],
        [12.8849,  3.9872,  2.7299],
        [ 0.0000,  0.0000,  0.0000],
        [ 9.4784,  1.6715,  2.0185],
        [12.7398,  4.0191,  2.7151],
        [ 0.0000,  0.0000,  0.0000],
        [ 9.4837,  1.6393,  2.0230],
        [12.6049,  3.9524,  2.6767],
        [ 0.0000,  0.0000,  0.0000],
        [ 9.4971,  1.6190,  2.0141],
        [12.4801,  3.8833,  2.6369],
        [ 0.0000,  0.0000,  0.0000],
        [ 9.5171,  1.5822,  2.0093],
        [12.3560,  3.7797,  2.6003],
        [ 0.0000,  0.0000,  0.0000],
        [ 9.5176,  1.5636,  2.0002],
        [12.2250,  3.7222,  2.5697],
        [ 0.0000,  0.0000,  0.0000],
        [ 9.5147,  1.5522,  1.9918],
        [ 0.0000,  0.0000,  0.0000],
        [ 9.5439,  1.5325,  2.0114],
        [ 0.0000,  0.0000,  0.0000],
        [ 9.5287,  1.5478,  2.0307],
        [ 0.0000,  0.0000,  0.0000],
        [ 9.5186,  1.5623,  2.0408],
        [ 0.0000,  0.0000,  0.0000],
        [ 9.5249,  1.5490,  2.0155],
        [ 0.0000,  0.0000,  0.0000],
        [ 9.5441,  1.5433,  2.0193],
        [ 0.0000,  0.0000,  0.0000],
        [ 9.5569,  1.4242,  2.0330],
        [ 0.0000,  0.0000,  0.0000],
        [ 9.5685,  1.3874,  2.0190],
        [ 0.0000,  0.0000,  0.0000],
        [ 9.5734,  1.3943,  2.0120],
        [ 0.0000,  0.0000,  0.0000],
        [ 9.5649,  1.4238,  2.0045],
        [ 0.0000,  0.0000,  0.0000],
        [ 9.5561,  1.4410,  2.0251],
        [ 0.0000,  0.0000,  0.0000],
        [ 9.5674,  1.4353,  2.0257],
        [ 0.0000,  0.0000,  0.0000],
        [ 9.5645,  1.4039,  2.0490],
        [ 0.0000,  0.0000,  0.0000],
        [ 9.5800,  1.3655,  2.0239],
        [ 0.0000,  0.0000,  0.0000],
        [ 9.5643,  1.3466,  2.0507],
        [ 0.0000,  0.0000,  0.0000],
        [ 9.5754,  1.3669,  2.0517],
        [ 0.0000,  0.0000,  0.0000],
        [ 9.5681,  1.3993,  2.0372],
        [ 0.0000,  0.0000,  0.0000],
        [ 9.5763,  1.4144,  2.0325],
        [ 0.0000,  0.0000,  0.0000],
        [ 9.5808,  1.3806,  2.0182],
        [ 0.0000,  0.0000,  0.0000],
        [ 9.5815,  1.3284,  2.0070],
        [ 0.0000,  0.0000,  0.0000],
        [ 9.5664,  1.3598,  2.0150],
        [ 0.0000,  0.0000,  0.0000],
        [ 9.4375,  1.4919,  1.9851],
        [ 0.0000,  0.0000,  0.0000],
        [ 9.3628,  1.5633,  1.9604],
        [ 0.0000,  0.0000,  0.0000],
        [ 9.2730,  1.5888,  1.9698],
        [ 0.0000,  0.0000,  0.0000],
        [ 9.0627,  1.5929,  1.9038],
        [ 0.0000,  0.0000,  0.0000],
        [ 8.8840,  1.5619,  1.8817],
        [ 0.0000,  0.0000,  0.0000],
        [ 8.6936,  1.6121,  1.8330],
        [ 0.0000,  0.0000,  0.0000],
        [ 8.4831,  1.7284,  1.7899],
        [ 0.0000,  0.0000,  0.0000],
        [ 8.2603,  1.8153,  1.7616],
        [ 0.0000,  0.0000,  0.0000],
        [ 8.0747,  1.8781,  1.7165],
        [ 0.0000,  0.0000,  0.0000],
        [ 7.8809,  1.9562,  1.6878],
        [ 0.0000,  0.0000,  0.0000],
        [ 7.6367,  1.9805,  1.6522],
        [ 0.0000,  0.0000,  0.0000],
        [ 7.4324,  2.0499,  1.6175],
        [ 0.0000,  0.0000,  0.0000],
        [ 7.2439,  2.0047,  1.5772],
        [ 0.0000,  0.0000,  0.0000],
        [ 7.0051,  1.9874,  1.5315],
        [ 0.0000,  0.0000,  0.0000],
        [ 6.8195,  2.0470,  1.5050],
        [ 0.0000,  0.0000,  0.0000],
        [ 6.6042,  2.0333,  1.4701],
        [ 0.0000,  0.0000,  0.0000],
        [ 6.4138,  2.0885,  1.4293],
        [ 0.0000,  0.0000,  0.0000],
        [ 6.2447,  2.1765,  1.4010],
        [ 0.0000,  0.0000,  0.0000],
        [ 6.0894,  2.2624,  1.3634],
        [ 0.0000,  0.0000,  0.0000],
        [ 5.9022,  2.2960,  1.3014],
        [ 0.0000,  0.0000,  0.0000],
        [ 5.7365,  2.3092,  1.2676],
        [ 0.0000,  0.0000,  0.0000],
        [ 5.5397,  2.3223,  1.2091],
        [ 0.0000,  0.0000,  0.0000],
        [ 5.3834,  2.3507,  1.1528],
        [ 0.0000,  0.0000,  0.0000],
        [ 5.2180,  2.4108,  1.1085],
        [ 0.0000,  0.0000,  0.0000],
        [ 5.0842,  2.4585,  1.0736],
        [ 0.0000,  0.0000,  0.0000],
        [ 4.9137,  2.4808,  1.0167],
        [ 0.0000,  0.0000,  0.0000],
        [ 4.7204,  2.5387,  0.9911],
        [ 0.0000,  0.0000,  0.0000],
        [ 4.5346,  2.5665,  0.9587],
        [ 0.0000,  0.0000,  0.0000],
        [ 4.3040,  2.4960,  0.8716],
        [ 0.0000,  0.0000,  0.0000],
        [ 4.1620,  2.4879,  0.8519],
        [ 0.0000,  0.0000,  0.0000],
        [ 4.0657,  2.5055,  0.8478],
        [ 0.0000,  0.0000,  0.0000],
        [ 3.8949,  2.4908,  0.8009],
        [ 0.0000,  0.0000,  0.0000],
        [ 3.7423,  2.4770,  0.7899],
        [ 0.0000,  0.0000,  0.0000],
        [ 3.6188,  2.4599,  0.7483],
        [ 0.0000,  0.0000,  0.0000],
        [ 3.4709,  2.4160,  0.7106],
        [ 0.0000,  0.0000,  0.0000],
        [ 3.3517,  2.4131,  0.7040],
        [ 0.0000,  0.0000,  0.0000],
        [ 3.2206,  2.4128,  0.6635],
        [ 0.0000,  0.0000,  0.0000],
        [ 3.0736,  2.3848,  0.6206],
        [ 0.0000,  0.0000,  0.0000],
        [ 2.9468,  2.3437,  0.6165],
        [ 0.0000,  0.0000,  0.0000],
        [ 2.8261,  2.2857,  0.5856],
        [ 0.0000,  0.0000,  0.0000],
        [ 2.6794,  2.2266,  0.5569],
        [ 0.0000,  0.0000,  0.0000],
        [ 0.0000,  0.0000,  0.0000],
        [ 0.0000,  0.0000,  0.0000],
        [ 0.0000,  0.0000,  0.0000],
        [ 0.0000,  0.0000,  0.0000],
        [ 0.0000,  0.0000,  0.0000],
        [ 0.0000,  0.0000,  0.0000],
        [ 0.0000,  0.0000,  0.0000],
        [ 0.0000,  0.0000,  0.0000],
        [ 0.0000,  0.0000,  0.0000],
        [ 0.0000,  0.0000,  0.0000],
        [ 0.0000,  0.0000,  0.0000],
        [ 0.0000,  0.0000,  0.0000],
        [ 0.0000,  0.0000,  0.0000],
        [ 0.0000,  0.0000,  0.0000],
        [ 0.0000,  0.0000,  0.0000],
        [ 0.0000,  0.0000,  0.0000],
        [ 0.0000,  0.0000,  0.0000],
        [ 0.0000,  0.0000,  0.0000],
        [ 0.0000,  0.0000,  0.0000],
        [ 0.0000,  0.0000,  0.0000],
        [ 0.0000,  0.0000,  0.0000],
        [ 0.0000,  0.0000,  0.0000],
        [ 0.0000,  0.0000,  0.0000],
        [ 0.0000,  0.0000,  0.0000],
        [ 0.0000,  0.0000,  0.0000],
        [ 0.0000,  0.0000,  0.0000],
        [ 0.0000,  0.0000,  0.0000],
        [ 0.0000,  0.0000,  0.0000],
        [ 0.0000,  0.0000,  0.0000],
        [ 0.0000,  0.0000,  0.0000],
        [ 0.0000,  0.0000,  0.0000],
        [ 0.0000,  0.0000,  0.0000],
        [ 0.0000,  0.0000,  0.0000],
        [ 0.0000,  0.0000,  0.0000],
        [ 0.0000,  0.0000,  0.0000],
        [ 0.0000,  0.0000,  0.0000],
        [ 0.0000,  0.0000,  0.0000],
        [ 0.0000,  0.0000,  0.0000],
        [ 0.0000,  0.0000,  0.0000],
        [ 0.0000,  0.0000,  0.0000],
        [ 0.0000,  0.0000,  0.0000],
        [ 0.0000,  0.0000,  0.0000],
        [ 0.0000,  0.0000,  0.0000],
        [ 0.0000,  0.0000,  0.0000],
        [ 0.0000,  0.0000,  0.0000],
        [ 0.0000,  0.0000,  0.0000],
        [ 0.0000,  0.0000,  0.0000],
        [ 0.0000,  0.0000,  0.0000]])]}"
